pair_id,query,lodging_id,relevance
1,서울 조용한 워케이션 숙소,1,2
2,서울 조용한 워케이션 숙소,2,3
3,서울 조용한 워케이션 숙소,3,1
4,서울 조용한 워케이션 숙소,4,3
5,서울 조용한 워케이션 숙소,5,1
6,서울 조용한 워케이션 숙소,6,2
7,서울 조용한 워케이션 숙소,7,0
8,서울 조용한 워케이션 숙소,8,2
9,서울 조용한 워케이션 숙소,9,1
10,서울 조용한 워케이션 숙소,10,2
11,서울 조용한 워케이션 숙소,11,0
12,서울 조용한 워케이션 숙소,12,2
13,서울 조용한 워케이션 숙소,13,1
14,서울 조용한 워케이션 숙소,14,2
15,서울 조용한 워케이션 숙소,15,0
16,서울 조용한 워케이션 숙소,16,2
17,서울 조용한 워케이션 숙소,17,1
18,서울 조용한 워케이션 숙소,18,2
19,서울 조용한 워케이션 숙소,19,0
20,서울 조용한 워케이션 숙소,20,2
21,서울 조용한 워케이션 숙소,21,1
22,서울 조용한 워케이션 숙소,22,2
23,서울 조용한 워케이션 숙소,23,0
24,서울 조용한 워케이션 숙소,24,2
25,서울 조용한 워케이션 숙소,25,1
26,서울 조용한 워케이션 숙소,26,2
27,서울 조용한 워케이션 숙소,27,0
28,서울 조용한 워케이션 숙소,28,2
29,서울 조용한 워케이션 숙소,29,1
30,서울 조용한 워케이션 숙소,30,2
31,서울 조용한 워케이션 숙소,31,0
32,서울 조용한 워케이션 숙소,32,2
33,서울 조용한 워케이션 숙소,33,1
34,서울 조용한 워케이션 숙소,34,2
35,서울 조용한 워케이션 숙소,35,0
36,서울 조용한 워케이션 숙소,36,2
37,서울 조용한 워케이션 숙소,37,1
38,서울 조용한 워케이션 숙소,38,2
39,서울 조용한 워케이션 숙소,39,0
40,서울 조용한 워케이션 숙소,40,2
41,서울 저렴하고 와이파이 좋은 숙소,1,2
42,서울 저렴하고 와이파이 좋은 숙소,2,3
43,서울 저렴하고 와이파이 좋은 숙소,3,1
44,서울 저렴하고 와이파이 좋은 숙소,4,3
45,서울 저렴하고 와이파이 좋은 숙소,5,1
46,서울 저렴하고 와이파이 좋은 숙소,6,1
47,서울 저렴하고 와이파이 좋은 숙소,7,1
48,서울 저렴하고 와이파이 좋은 숙소,8,2
49,서울 저렴하고 와이파이 좋은 숙소,9,0
50,서울 저렴하고 와이파이 좋은 숙소,10,2
51,서울 저렴하고 와이파이 좋은 숙소,11,1
52,서울 저렴하고 와이파이 좋은 숙소,12,1
53,서울 저렴하고 와이파이 좋은 숙소,13,1
54,서울 저렴하고 와이파이 좋은 숙소,14,2
55,서울 저렴하고 와이파이 좋은 숙소,15,0
56,서울 저렴하고 와이파이 좋은 숙소,16,2
57,서울 저렴하고 와이파이 좋은 숙소,17,1
58,서울 저렴하고 와이파이 좋은 숙소,18,1
59,서울 저렴하고 와이파이 좋은 숙소,19,1
60,서울 저렴하고 와이파이 좋은 숙소,20,2
61,서울 저렴하고 와이파이 좋은 숙소,21,0
62,서울 저렴하고 와이파이 좋은 숙소,22,2
63,서울 저렴하고 와이파이 좋은 숙소,23,1
64,서울 저렴하고 와이파이 좋은 숙소,24,1
65,서울 저렴하고 와이파이 좋은 숙소,25,1
66,서울 저렴하고 와이파이 좋은 숙소,26,2
67,서울 저렴하고 와이파이 좋은 숙소,27,0
68,서울 저렴하고 와이파이 좋은 숙소,28,2
69,서울 저렴하고 와이파이 좋은 숙소,29,1
70,서울 저렴하고 와이파이 좋은 숙소,30,1
71,서울 저렴하고 와이파이 좋은 숙소,31,1
72,서울 저렴하고 와이파이 좋은 숙소,32,2
73,서울 저렴하고 와이파이 좋은 숙소,33,0
74,서울 저렴하고 와이파이 좋은 숙소,34,2
75,서울 저렴하고 와이파이 좋은 숙소,35,1
76,서울 저렴하고 와이파이 좋은 숙소,36,1
77,서울 저렴하고 와이파이 좋은 숙소,37,1
78,서울 저렴하고 와이파이 좋은 숙소,38,2
79,서울 저렴하고 와이파이 좋은 숙소,39,0
80,서울 저렴하고 와이파이 좋은 숙소,40,2
81,서울 안전하고 평점 높은 장기체류 숙소,1,3
82,서울 안전하고 평점 높은 장기체류 숙소,2,2
83,서울 안전하고 평점 높은 장기체류 숙소,3,1
84,서울 안전하고 평점 높은 장기체류 숙소,4,2
85,서울 안전하고 평점 높은 장기체류 숙소,5,2
86,서울 안전하고 평점 높은 장기체류 숙소,6,1
87,서울 안전하고 평점 높은 장기체류 숙소,7,1
88,서울 안전하고 평점 높은 장기체류 숙소,8,1
89,서울 안전하고 평점 높은 장기체류 숙소,9,1
90,서울 안전하고 평점 높은 장기체류 숙소,10,1
91,서울 안전하고 평점 높은 장기체류 숙소,11,1
92,서울 안전하고 평점 높은 장기체류 숙소,12,2
93,서울 안전하고 평점 높은 장기체류 숙소,13,1
94,서울 안전하고 평점 높은 장기체류 숙소,14,0
95,서울 안전하고 평점 높은 장기체류 숙소,15,1
96,서울 안전하고 평점 높은 장기체류 숙소,16,2
97,서울 안전하고 평점 높은 장기체류 숙소,17,2
98,서울 안전하고 평점 높은 장기체류 숙소,18,0
99,서울 안전하고 평점 높은 장기체류 숙소,19,0
100,서울 안전하고 평점 높은 장기체류 숙소,20,2
101,서울 안전하고 평점 높은 장기체류 숙소,21,2
102,서울 안전하고 평점 높은 장기체류 숙소,22,1
103,서울 안전하고 평점 높은 장기체류 숙소,23,0
104,서울 안전하고 평점 높은 장기체류 숙소,24,1
105,서울 안전하고 평점 높은 장기체류 숙소,25,2
106,서울 안전하고 평점 높은 장기체류 숙소,26,1
107,서울 안전하고 평점 높은 장기체류 숙소,27,1
108,서울 안전하고 평점 높은 장기체류 숙소,28,1
109,서울 안전하고 평점 높은 장기체류 숙소,29,1
110,서울 안전하고 평점 높은 장기체류 숙소,30,1
111,서울 안전하고 평점 높은 장기체류 숙소,31,1
112,서울 안전하고 평점 높은 장기체류 숙소,32,2
113,서울 안전하고 평점 높은 장기체류 숙소,33,1
114,서울 안전하고 평점 높은 장기체류 숙소,34,0
115,서울 안전하고 평점 높은 장기체류 숙소,35,1
116,서울 안전하고 평점 높은 장기체류 숙소,36,2
117,서울 안전하고 평점 높은 장기체류 숙소,37,2
118,서울 안전하고 평점 높은 장기체류 숙소,38,0
119,서울 안전하고 평점 높은 장기체류 숙소,39,0
120,서울 안전하고 평점 높은 장기체류 숙소,40,2
121,제주 조용한 워케이션 숙소,1,1
122,제주 조용한 워케이션 숙소,2,2
123,제주 조용한 워케이션 숙소,3,0
124,제주 조용한 워케이션 숙소,4,2
125,제주 조용한 워케이션 숙소,5,2
126,제주 조용한 워케이션 숙소,6,3
127,제주 조용한 워케이션 숙소,7,1
128,제주 조용한 워케이션 숙소,8,3
129,제주 조용한 워케이션 숙소,9,1
130,제주 조용한 워케이션 숙소,10,2
131,제주 조용한 워케이션 숙소,11,0
132,제주 조용한 워케이션 숙소,12,2
133,제주 조용한 워케이션 숙소,13,1
134,제주 조용한 워케이션 숙소,14,2
135,제주 조용한 워케이션 숙소,15,0
136,제주 조용한 워케이션 숙소,16,2
137,제주 조용한 워케이션 숙소,17,1
138,제주 조용한 워케이션 숙소,18,2
139,제주 조용한 워케이션 숙소,19,0
140,제주 조용한 워케이션 숙소,20,2
141,제주 조용한 워케이션 숙소,21,1
142,제주 조용한 워케이션 숙소,22,2
143,제주 조용한 워케이션 숙소,23,0
144,제주 조용한 워케이션 숙소,24,2
145,제주 조용한 워케이션 숙소,25,1
146,제주 조용한 워케이션 숙소,26,2
147,제주 조용한 워케이션 숙소,27,0
148,제주 조용한 워케이션 숙소,28,2
149,제주 조용한 워케이션 숙소,29,1
150,제주 조용한 워케이션 숙소,30,2
151,제주 조용한 워케이션 숙소,31,0
152,제주 조용한 워케이션 숙소,32,2
153,제주 조용한 워케이션 숙소,33,1
154,제주 조용한 워케이션 숙소,34,2
155,제주 조용한 워케이션 숙소,35,0
156,제주 조용한 워케이션 숙소,36,2
157,제주 조용한 워케이션 숙소,37,1
158,제주 조용한 워케이션 숙소,38,2
159,제주 조용한 워케이션 숙소,39,0
160,제주 조용한 워케이션 숙소,40,2
161,제주 저렴하고 와이파이 좋은 숙소,1,1
162,제주 저렴하고 와이파이 좋은 숙소,2,2
163,제주 저렴하고 와이파이 좋은 숙소,3,0
164,제주 저렴하고 와이파이 좋은 숙소,4,2
165,제주 저렴하고 와이파이 좋은 숙소,5,2
166,제주 저렴하고 와이파이 좋은 숙소,6,2
167,제주 저렴하고 와이파이 좋은 숙소,7,2
168,제주 저렴하고 와이파이 좋은 숙소,8,3
169,제주 저렴하고 와이파이 좋은 숙소,9,0
170,제주 저렴하고 와이파이 좋은 숙소,10,2
171,제주 저렴하고 와이파이 좋은 숙소,11,1
172,제주 저렴하고 와이파이 좋은 숙소,12,1
173,제주 저렴하고 와이파이 좋은 숙소,13,1
174,제주 저렴하고 와이파이 좋은 숙소,14,2
175,제주 저렴하고 와이파이 좋은 숙소,15,0
176,제주 저렴하고 와이파이 좋은 숙소,16,2
177,제주 저렴하고 와이파이 좋은 숙소,17,1
178,제주 저렴하고 와이파이 좋은 숙소,18,1
179,제주 저렴하고 와이파이 좋은 숙소,19,1
180,제주 저렴하고 와이파이 좋은 숙소,20,2
181,제주 저렴하고 와이파이 좋은 숙소,21,0
182,제주 저렴하고 와이파이 좋은 숙소,22,2
183,제주 저렴하고 와이파이 좋은 숙소,23,1
184,제주 저렴하고 와이파이 좋은 숙소,24,1
185,제주 저렴하고 와이파이 좋은 숙소,25,1
186,제주 저렴하고 와이파이 좋은 숙소,26,2
187,제주 저렴하고 와이파이 좋은 숙소,27,0
188,제주 저렴하고 와이파이 좋은 숙소,28,2
189,제주 저렴하고 와이파이 좋은 숙소,29,1
190,제주 저렴하고 와이파이 좋은 숙소,30,1
191,제주 저렴하고 와이파이 좋은 숙소,31,1
192,제주 저렴하고 와이파이 좋은 숙소,32,2
193,제주 저렴하고 와이파이 좋은 숙소,33,0
194,제주 저렴하고 와이파이 좋은 숙소,34,2
195,제주 저렴하고 와이파이 좋은 숙소,35,1
196,제주 저렴하고 와이파이 좋은 숙소,36,1
197,제주 저렴하고 와이파이 좋은 숙소,37,1
198,제주 저렴하고 와이파이 좋은 숙소,38,2
199,제주 저렴하고 와이파이 좋은 숙소,39,0
200,제주 저렴하고 와이파이 좋은 숙소,40,2
201,제주 안전하고 평점 높은 장기체류 숙소,1,2
202,제주 안전하고 평점 높은 장기체류 숙소,2,1
203,제주 안전하고 평점 높은 장기체류 숙소,3,0
204,제주 안전하고 평점 높은 장기체류 숙소,4,1
205,제주 안전하고 평점 높은 장기체류 숙소,5,3
206,제주 안전하고 평점 높은 장기체류 숙소,6,2
207,제주 안전하고 평점 높은 장기체류 숙소,7,2
208,제주 안전하고 평점 높은 장기체류 숙소,8,2
209,제주 안전하고 평점 높은 장기체류 숙소,9,1
210,제주 안전하고 평점 높은 장기체류 숙소,10,1
211,제주 안전하고 평점 높은 장기체류 숙소,11,1
212,제주 안전하고 평점 높은 장기체류 숙소,12,2
213,제주 안전하고 평점 높은 장기체류 숙소,13,1
214,제주 안전하고 평점 높은 장기체류 숙소,14,0
215,제주 안전하고 평점 높은 장기체류 숙소,15,1
216,제주 안전하고 평점 높은 장기체류 숙소,16,2
217,제주 안전하고 평점 높은 장기체류 숙소,17,2
218,제주 안전하고 평점 높은 장기체류 숙소,18,0
219,제주 안전하고 평점 높은 장기체류 숙소,19,0
220,제주 안전하고 평점 높은 장기체류 숙소,20,2
221,제주 안전하고 평점 높은 장기체류 숙소,21,2
222,제주 안전하고 평점 높은 장기체류 숙소,22,1
223,제주 안전하고 평점 높은 장기체류 숙소,23,0
224,제주 안전하고 평점 높은 장기체류 숙소,24,1
225,제주 안전하고 평점 높은 장기체류 숙소,25,2
226,제주 안전하고 평점 높은 장기체류 숙소,26,1
227,제주 안전하고 평점 높은 장기체류 숙소,27,1
228,제주 안전하고 평점 높은 장기체류 숙소,28,1
229,제주 안전하고 평점 높은 장기체류 숙소,29,1
230,제주 안전하고 평점 높은 장기체류 숙소,30,1
231,제주 안전하고 평점 높은 장기체류 숙소,31,1
232,제주 안전하고 평점 높은 장기체류 숙소,32,2
233,제주 안전하고 평점 높은 장기체류 숙소,33,1
234,제주 안전하고 평점 높은 장기체류 숙소,34,0
235,제주 안전하고 평점 높은 장기체류 숙소,35,1
236,제주 안전하고 평점 높은 장기체류 숙소,36,2
237,제주 안전하고 평점 높은 장기체류 숙소,37,2
238,제주 안전하고 평점 높은 장기체류 숙소,38,0
239,제주 안전하고 평점 높은 장기체류 숙소,39,0
240,제주 안전하고 평점 높은 장기체류 숙소,40,2
241,부산 조용한 워케이션 숙소,1,1
242,부산 조용한 워케이션 숙소,2,2
243,부산 조용한 워케이션 숙소,3,0
244,부산 조용한 워케이션 숙소,4,2
245,부산 조용한 워케이션 숙소,5,1
246,부산 조용한 워케이션 숙소,6,2
247,부산 조용한 워케이션 숙소,7,0
248,부산 조용한 워케이션 숙소,8,2
249,부산 조용한 워케이션 숙소,9,2
250,부산 조용한 워케이션 숙소,10,3
251,부산 조용한 워케이션 숙소,11,1
252,부산 조용한 워케이션 숙소,12,3
253,부산 조용한 워케이션 숙소,13,1
254,부산 조용한 워케이션 숙소,14,2
255,부산 조용한 워케이션 숙소,15,0
256,부산 조용한 워케이션 숙소,16,2
257,부산 조용한 워케이션 숙소,17,1
258,부산 조용한 워케이션 숙소,18,2
259,부산 조용한 워케이션 숙소,19,0
260,부산 조용한 워케이션 숙소,20,2
261,부산 조용한 워케이션 숙소,21,1
262,부산 조용한 워케이션 숙소,22,2
263,부산 조용한 워케이션 숙소,23,0
264,부산 조용한 워케이션 숙소,24,2
265,부산 조용한 워케이션 숙소,25,1
266,부산 조용한 워케이션 숙소,26,2
267,부산 조용한 워케이션 숙소,27,0
268,부산 조용한 워케이션 숙소,28,2
269,부산 조용한 워케이션 숙소,29,1
270,부산 조용한 워케이션 숙소,30,2
271,부산 조용한 워케이션 숙소,31,0
272,부산 조용한 워케이션 숙소,32,2
273,부산 조용한 워케이션 숙소,33,1
274,부산 조용한 워케이션 숙소,34,2
275,부산 조용한 워케이션 숙소,35,0
276,부산 조용한 워케이션 숙소,36,2
277,부산 조용한 워케이션 숙소,37,1
278,부산 조용한 워케이션 숙소,38,2
279,부산 조용한 워케이션 숙소,39,0
280,부산 조용한 워케이션 숙소,40,2
281,부산 저렴하고 와이파이 좋은 숙소,1,1
282,부산 저렴하고 와이파이 좋은 숙소,2,2
283,부산 저렴하고 와이파이 좋은 숙소,3,0
284,부산 저렴하고 와이파이 좋은 숙소,4,2
285,부산 저렴하고 와이파이 좋은 숙소,5,1
286,부산 저렴하고 와이파이 좋은 숙소,6,1
287,부산 저렴하고 와이파이 좋은 숙소,7,1
288,부산 저렴하고 와이파이 좋은 숙소,8,2
289,부산 저렴하고 와이파이 좋은 숙소,9,1
290,부산 저렴하고 와이파이 좋은 숙소,10,3
291,부산 저렴하고 와이파이 좋은 숙소,11,2
292,부산 저렴하고 와이파이 좋은 숙소,12,2
293,부산 저렴하고 와이파이 좋은 숙소,13,1
294,부산 저렴하고 와이파이 좋은 숙소,14,2
295,부산 저렴하고 와이파이 좋은 숙소,15,0
296,부산 저렴하고 와이파이 좋은 숙소,16,2
297,부산 저렴하고 와이파이 좋은 숙소,17,1
298,부산 저렴하고 와이파이 좋은 숙소,18,1
299,부산 저렴하고 와이파이 좋은 숙소,19,1
300,부산 저렴하고 와이파이 좋은 숙소,20,2
301,부산 저렴하고 와이파이 좋은 숙소,21,0
302,부산 저렴하고 와이파이 좋은 숙소,22,2
303,부산 저렴하고 와이파이 좋은 숙소,23,1
304,부산 저렴하고 와이파이 좋은 숙소,24,1
305,부산 저렴하고 와이파이 좋은 숙소,25,1
306,부산 저렴하고 와이파이 좋은 숙소,26,2
307,부산 저렴하고 와이파이 좋은 숙소,27,0
308,부산 저렴하고 와이파이 좋은 숙소,28,2
309,부산 저렴하고 와이파이 좋은 숙소,29,1
310,부산 저렴하고 와이파이 좋은 숙소,30,1
311,부산 저렴하고 와이파이 좋은 숙소,31,1
312,부산 저렴하고 와이파이 좋은 숙소,32,2
313,부산 저렴하고 와이파이 좋은 숙소,33,0
314,부산 저렴하고 와이파이 좋은 숙소,34,2
315,부산 저렴하고 와이파이 좋은 숙소,35,1
316,부산 저렴하고 와이파이 좋은 숙소,36,1
317,부산 저렴하고 와이파이 좋은 숙소,37,1
318,부산 저렴하고 와이파이 좋은 숙소,38,2
319,부산 저렴하고 와이파이 좋은 숙소,39,0
320,부산 저렴하고 와이파이 좋은 숙소,40,2
321,부산 안전하고 평점 높은 장기체류 숙소,1,2
322,부산 안전하고 평점 높은 장기체류 숙소,2,1
323,부산 안전하고 평점 높은 장기체류 숙소,3,0
324,부산 안전하고 평점 높은 장기체류 숙소,4,1
325,부산 안전하고 평점 높은 장기체류 숙소,5,2
326,부산 안전하고 평점 높은 장기체류 숙소,6,1
327,부산 안전하고 평점 높은 장기체류 숙소,7,1
328,부산 안전하고 평점 높은 장기체류 숙소,8,1
329,부산 안전하고 평점 높은 장기체류 숙소,9,2
330,부산 안전하고 평점 높은 장기체류 숙소,10,2
331,부산 안전하고 평점 높은 장기체류 숙소,11,2
332,부산 안전하고 평점 높은 장기체류 숙소,12,3
333,부산 안전하고 평점 높은 장기체류 숙소,13,1
334,부산 안전하고 평점 높은 장기체류 숙소,14,0
335,부산 안전하고 평점 높은 장기체류 숙소,15,1
336,부산 안전하고 평점 높은 장기체류 숙소,16,2
337,부산 안전하고 평점 높은 장기체류 숙소,17,2
338,부산 안전하고 평점 높은 장기체류 숙소,18,0
339,부산 안전하고 평점 높은 장기체류 숙소,19,0
340,부산 안전하고 평점 높은 장기체류 숙소,20,2
341,부산 안전하고 평점 높은 장기체류 숙소,21,2
342,부산 안전하고 평점 높은 장기체류 숙소,22,1
343,부산 안전하고 평점 높은 장기체류 숙소,23,0
344,부산 안전하고 평점 높은 장기체류 숙소,24,1
345,부산 안전하고 평점 높은 장기체류 숙소,25,2
346,부산 안전하고 평점 높은 장기체류 숙소,26,1
347,부산 안전하고 평점 높은 장기체류 숙소,27,1
348,부산 안전하고 평점 높은 장기체류 숙소,28,1
349,부산 안전하고 평점 높은 장기체류 숙소,29,1
350,부산 안전하고 평점 높은 장기체류 숙소,30,1
351,부산 안전하고 평점 높은 장기체류 숙소,31,1
352,부산 안전하고 평점 높은 장기체류 숙소,32,2
353,부산 안전하고 평점 높은 장기체류 숙소,33,1
354,부산 안전하고 평점 높은 장기체류 숙소,34,0
355,부산 안전하고 평점 높은 장기체류 숙소,35,1
356,부산 안전하고 평점 높은 장기체류 숙소,36,2
357,부산 안전하고 평점 높은 장기체류 숙소,37,2
358,부산 안전하고 평점 높은 장기체류 숙소,38,0
359,부산 안전하고 평점 높은 장기체류 숙소,39,0
360,부산 안전하고 평점 높은 장기체류 숙소,40,2
361,강원 조용한 워케이션 숙소,1,1
362,강원 조용한 워케이션 숙소,2,2
363,강원 조용한 워케이션 숙소,3,0
364,강원 조용한 워케이션 숙소,4,2
365,강원 조용한 워케이션 숙소,5,1
366,강원 조용한 워케이션 숙소,6,2
367,강원 조용한 워케이션 숙소,7,0
368,강원 조용한 워케이션 숙소,8,2
369,강원 조용한 워케이션 숙소,9,1
370,강원 조용한 워케이션 숙소,10,2
371,강원 조용한 워케이션 숙소,11,0
372,강원 조용한 워케이션 숙소,12,2
373,강원 조용한 워케이션 숙소,13,2
374,강원 조용한 워케이션 숙소,14,3
375,강원 조용한 워케이션 숙소,15,1
376,강원 조용한 워케이션 숙소,16,3
377,강원 조용한 워케이션 숙소,17,1
378,강원 조용한 워케이션 숙소,18,2
379,강원 조용한 워케이션 숙소,19,0
380,강원 조용한 워케이션 숙소,20,2
381,강원 조용한 워케이션 숙소,21,1
382,강원 조용한 워케이션 숙소,22,2
383,강원 조용한 워케이션 숙소,23,0
384,강원 조용한 워케이션 숙소,24,2
385,강원 조용한 워케이션 숙소,25,1
386,강원 조용한 워케이션 숙소,26,2
387,강원 조용한 워케이션 숙소,27,0
388,강원 조용한 워케이션 숙소,28,2
389,강원 조용한 워케이션 숙소,29,1
390,강원 조용한 워케이션 숙소,30,2
391,강원 조용한 워케이션 숙소,31,0
392,강원 조용한 워케이션 숙소,32,2
393,강원 조용한 워케이션 숙소,33,1
394,강원 조용한 워케이션 숙소,34,2
395,강원 조용한 워케이션 숙소,35,0
396,강원 조용한 워케이션 숙소,36,2
397,강원 조용한 워케이션 숙소,37,1
398,강원 조용한 워케이션 숙소,38,2
399,강원 조용한 워케이션 숙소,39,0
400,강원 조용한 워케이션 숙소,40,2
401,강원 저렴하고 와이파이 좋은 숙소,1,1
402,강원 저렴하고 와이파이 좋은 숙소,2,2
403,강원 저렴하고 와이파이 좋은 숙소,3,0
404,강원 저렴하고 와이파이 좋은 숙소,4,2
405,강원 저렴하고 와이파이 좋은 숙소,5,1
406,강원 저렴하고 와이파이 좋은 숙소,6,1
407,강원 저렴하고 와이파이 좋은 숙소,7,1
408,강원 저렴하고 와이파이 좋은 숙소,8,2
409,강원 저렴하고 와이파이 좋은 숙소,9,0
410,강원 저렴하고 와이파이 좋은 숙소,10,2
411,강원 저렴하고 와이파이 좋은 숙소,11,1
412,강원 저렴하고 와이파이 좋은 숙소,12,1
413,강원 저렴하고 와이파이 좋은 숙소,13,2
414,강원 저렴하고 와이파이 좋은 숙소,14,3
415,강원 저렴하고 와이파이 좋은 숙소,15,1
416,강원 저렴하고 와이파이 좋은 숙소,16,3
417,강원 저렴하고 와이파이 좋은 숙소,17,1
418,강원 저렴하고 와이파이 좋은 숙소,18,1
419,강원 저렴하고 와이파이 좋은 숙소,19,1
420,강원 저렴하고 와이파이 좋은 숙소,20,2
421,강원 저렴하고 와이파이 좋은 숙소,21,0
422,강원 저렴하고 와이파이 좋은 숙소,22,2
423,강원 저렴하고 와이파이 좋은 숙소,23,1
424,강원 저렴하고 와이파이 좋은 숙소,24,1
425,강원 저렴하고 와이파이 좋은 숙소,25,1
426,강원 저렴하고 와이파이 좋은 숙소,26,2
427,강원 저렴하고 와이파이 좋은 숙소,27,0
428,강원 저렴하고 와이파이 좋은 숙소,28,2
429,강원 저렴하고 와이파이 좋은 숙소,29,1
430,강원 저렴하고 와이파이 좋은 숙소,30,1
431,강원 저렴하고 와이파이 좋은 숙소,31,1
432,강원 저렴하고 와이파이 좋은 숙소,32,2
433,강원 저렴하고 와이파이 좋은 숙소,33,0
434,강원 저렴하고 와이파이 좋은 숙소,34,2
435,강원 저렴하고 와이파이 좋은 숙소,35,1
436,강원 저렴하고 와이파이 좋은 숙소,36,1
437,강원 저렴하고 와이파이 좋은 숙소,37,1
438,강원 저렴하고 와이파이 좋은 숙소,38,2
439,강원 저렴하고 와이파이 좋은 숙소,39,0
440,강원 저렴하고 와이파이 좋은 숙소,40,2
441,강원 안전하고 평점 높은 장기체류 숙소,1,2
442,강원 안전하고 평점 높은 장기체류 숙소,2,1
443,강원 안전하고 평점 높은 장기체류 숙소,3,0
444,강원 안전하고 평점 높은 장기체류 숙소,4,1
445,강원 안전하고 평점 높은 장기체류 숙소,5,2
446,강원 안전하고 평점 높은 장기체류 숙소,6,1
447,강원 안전하고 평점 높은 장기체류 숙소,7,1
448,강원 안전하고 평점 높은 장기체류 숙소,8,1
449,강원 안전하고 평점 높은 장기체류 숙소,9,1
450,강원 안전하고 평점 높은 장기체류 숙소,10,1
451,강원 안전하고 평점 높은 장기체류 숙소,11,1
452,강원 안전하고 평점 높은 장기체류 숙소,12,2
453,강원 안전하고 평점 높은 장기체류 숙소,13,2
454,강원 안전하고 평점 높은 장기체류 숙소,14,1
455,강원 안전하고 평점 높은 장기체류 숙소,15,2
456,강원 안전하고 평점 높은 장기체류 숙소,16,3
457,강원 안전하고 평점 높은 장기체류 숙소,17,2
458,강원 안전하고 평점 높은 장기체류 숙소,18,0
459,강원 안전하고 평점 높은 장기체류 숙소,19,0
460,강원 안전하고 평점 높은 장기체류 숙소,20,2
461,강원 안전하고 평점 높은 장기체류 숙소,21,2
462,강원 안전하고 평점 높은 장기체류 숙소,22,1
463,강원 안전하고 평점 높은 장기체류 숙소,23,0
464,강원 안전하고 평점 높은 장기체류 숙소,24,1
465,강원 안전하고 평점 높은 장기체류 숙소,25,2
466,강원 안전하고 평점 높은 장기체류 숙소,26,1
467,강원 안전하고 평점 높은 장기체류 숙소,27,1
468,강원 안전하고 평점 높은 장기체류 숙소,28,1
469,강원 안전하고 평점 높은 장기체류 숙소,29,1
470,강원 안전하고 평점 높은 장기체류 숙소,30,1
471,강원 안전하고 평점 높은 장기체류 숙소,31,1
472,강원 안전하고 평점 높은 장기체류 숙소,32,2
473,강원 안전하고 평점 높은 장기체류 숙소,33,1
474,강원 안전하고 평점 높은 장기체류 숙소,34,0
475,강원 안전하고 평점 높은 장기체류 숙소,35,1
476,강원 안전하고 평점 높은 장기체류 숙소,36,2
477,강원 안전하고 평점 높은 장기체류 숙소,37,2
478,강원 안전하고 평점 높은 장기체류 숙소,38,0
479,강원 안전하고 평점 높은 장기체류 숙소,39,0
480,강원 안전하고 평점 높은 장기체류 숙소,40,2
481,전주 조용한 워케이션 숙소,1,1
482,전주 조용한 워케이션 숙소,2,2
483,전주 조용한 워케이션 숙소,3,0
484,전주 조용한 워케이션 숙소,4,2
485,전주 조용한 워케이션 숙소,5,1
486,전주 조용한 워케이션 숙소,6,2
487,전주 조용한 워케이션 숙소,7,0
488,전주 조용한 워케이션 숙소,8,2
489,전주 조용한 워케이션 숙소,9,1
490,전주 조용한 워케이션 숙소,10,2
491,전주 조용한 워케이션 숙소,11,0
492,전주 조용한 워케이션 숙소,12,2
493,전주 조용한 워케이션 숙소,13,1
494,전주 조용한 워케이션 숙소,14,2
495,전주 조용한 워케이션 숙소,15,0
496,전주 조용한 워케이션 숙소,16,2
497,전주 조용한 워케이션 숙소,17,2
498,전주 조용한 워케이션 숙소,18,3
499,전주 조용한 워케이션 숙소,19,1
500,전주 조용한 워케이션 숙소,20,3
501,전주 조용한 워케이션 숙소,21,1
502,전주 조용한 워케이션 숙소,22,2
503,전주 조용한 워케이션 숙소,23,0
504,전주 조용한 워케이션 숙소,24,2
505,전주 조용한 워케이션 숙소,25,1
506,전주 조용한 워케이션 숙소,26,2
507,전주 조용한 워케이션 숙소,27,0
508,전주 조용한 워케이션 숙소,28,2
509,전주 조용한 워케이션 숙소,29,1
510,전주 조용한 워케이션 숙소,30,2
511,전주 조용한 워케이션 숙소,31,0
512,전주 조용한 워케이션 숙소,32,2
513,전주 조용한 워케이션 숙소,33,1
514,전주 조용한 워케이션 숙소,34,2
515,전주 조용한 워케이션 숙소,35,0
516,전주 조용한 워케이션 숙소,36,2
517,전주 조용한 워케이션 숙소,37,1
518,전주 조용한 워케이션 숙소,38,2
519,전주 조용한 워케이션 숙소,39,0
520,전주 조용한 워케이션 숙소,40,2
521,전주 저렴하고 와이파이 좋은 숙소,1,1
522,전주 저렴하고 와이파이 좋은 숙소,2,2
523,전주 저렴하고 와이파이 좋은 숙소,3,0
524,전주 저렴하고 와이파이 좋은 숙소,4,2
525,전주 저렴하고 와이파이 좋은 숙소,5,1
526,전주 저렴하고 와이파이 좋은 숙소,6,1
527,전주 저렴하고 와이파이 좋은 숙소,7,1
528,전주 저렴하고 와이파이 좋은 숙소,8,2
529,전주 저렴하고 와이파이 좋은 숙소,9,0
530,전주 저렴하고 와이파이 좋은 숙소,10,2
531,전주 저렴하고 와이파이 좋은 숙소,11,1
532,전주 저렴하고 와이파이 좋은 숙소,12,1
533,전주 저렴하고 와이파이 좋은 숙소,13,1
534,전주 저렴하고 와이파이 좋은 숙소,14,2
535,전주 저렴하고 와이파이 좋은 숙소,15,0
536,전주 저렴하고 와이파이 좋은 숙소,16,2
537,전주 저렴하고 와이파이 좋은 숙소,17,2
538,전주 저렴하고 와이파이 좋은 숙소,18,2
539,전주 저렴하고 와이파이 좋은 숙소,19,2
540,전주 저렴하고 와이파이 좋은 숙소,20,3
541,전주 저렴하고 와이파이 좋은 숙소,21,0
542,전주 저렴하고 와이파이 좋은 숙소,22,2
543,전주 저렴하고 와이파이 좋은 숙소,23,1
544,전주 저렴하고 와이파이 좋은 숙소,24,1
545,전주 저렴하고 와이파이 좋은 숙소,25,1
546,전주 저렴하고 와이파이 좋은 숙소,26,2
547,전주 저렴하고 와이파이 좋은 숙소,27,0
548,전주 저렴하고 와이파이 좋은 숙소,28,2
549,전주 저렴하고 와이파이 좋은 숙소,29,1
550,전주 저렴하고 와이파이 좋은 숙소,30,1
551,전주 저렴하고 와이파이 좋은 숙소,31,1
552,전주 저렴하고 와이파이 좋은 숙소,32,2
553,전주 저렴하고 와이파이 좋은 숙소,33,0
554,전주 저렴하고 와이파이 좋은 숙소,34,2
555,전주 저렴하고 와이파이 좋은 숙소,35,1
556,전주 저렴하고 와이파이 좋은 숙소,36,1
557,전주 저렴하고 와이파이 좋은 숙소,37,1
558,전주 저렴하고 와이파이 좋은 숙소,38,2
559,전주 저렴하고 와이파이 좋은 숙소,39,0
560,전주 저렴하고 와이파이 좋은 숙소,40,2
561,전주 안전하고 평점 높은 장기체류 숙소,1,2
562,전주 안전하고 평점 높은 장기체류 숙소,2,1
563,전주 안전하고 평점 높은 장기체류 숙소,3,0
564,전주 안전하고 평점 높은 장기체류 숙소,4,1
565,전주 안전하고 평점 높은 장기체류 숙소,5,2
566,전주 안전하고 평점 높은 장기체류 숙소,6,1
567,전주 안전하고 평점 높은 장기체류 숙소,7,1
568,전주 안전하고 평점 높은 장기체류 숙소,8,1
569,전주 안전하고 평점 높은 장기체류 숙소,9,1
570,전주 안전하고 평점 높은 장기체류 숙소,10,1
571,전주 안전하고 평점 높은 장기체류 숙소,11,1
572,전주 안전하고 평점 높은 장기체류 숙소,12,2
573,전주 안전하고 평점 높은 장기체류 숙소,13,1
574,전주 안전하고 평점 높은 장기체류 숙소,14,0
575,전주 안전하고 평점 높은 장기체류 숙소,15,1
576,전주 안전하고 평점 높은 장기체류 숙소,16,2
577,전주 안전하고 평점 높은 장기체류 숙소,17,3
578,전주 안전하고 평점 높은 장기체류 숙소,18,1
579,전주 안전하고 평점 높은 장기체류 숙소,19,1
580,전주 안전하고 평점 높은 장기체류 숙소,20,3
581,전주 안전하고 평점 높은 장기체류 숙소,21,2
582,전주 안전하고 평점 높은 장기체류 숙소,22,1
583,전주 안전하고 평점 높은 장기체류 숙소,23,0
584,전주 안전하고 평점 높은 장기체류 숙소,24,1
585,전주 안전하고 평점 높은 장기체류 숙소,25,2
586,전주 안전하고 평점 높은 장기체류 숙소,26,1
587,전주 안전하고 평점 높은 장기체류 숙소,27,1
588,전주 안전하고 평점 높은 장기체류 숙소,28,1
589,전주 안전하고 평점 높은 장기체류 숙소,29,1
590,전주 안전하고 평점 높은 장기체류 숙소,30,1
591,전주 안전하고 평점 높은 장기체류 숙소,31,1
592,전주 안전하고 평점 높은 장기체류 숙소,32,2
593,전주 안전하고 평점 높은 장기체류 숙소,33,1
594,전주 안전하고 평점 높은 장기체류 숙소,34,0
595,전주 안전하고 평점 높은 장기체류 숙소,35,1
596,전주 안전하고 평점 높은 장기체류 숙소,36,2
597,전주 안전하고 평점 높은 장기체류 숙소,37,2
598,전주 안전하고 평점 높은 장기체류 숙소,38,0
599,전주 안전하고 평점 높은 장기체류 숙소,39,0
600,전주 안전하고 평점 높은 장기체류 숙소,40,2
601,여수 조용한 워케이션 숙소,1,1
602,여수 조용한 워케이션 숙소,2,2
603,여수 조용한 워케이션 숙소,3,0
604,여수 조용한 워케이션 숙소,4,2
605,여수 조용한 워케이션 숙소,5,1
606,여수 조용한 워케이션 숙소,6,2
607,여수 조용한 워케이션 숙소,7,0
608,여수 조용한 워케이션 숙소,8,2
609,여수 조용한 워케이션 숙소,9,1
610,여수 조용한 워케이션 숙소,10,2
611,여수 조용한 워케이션 숙소,11,0
612,여수 조용한 워케이션 숙소,12,2
613,여수 조용한 워케이션 숙소,13,1
614,여수 조용한 워케이션 숙소,14,2
615,여수 조용한 워케이션 숙소,15,0
616,여수 조용한 워케이션 숙소,16,2
617,여수 조용한 워케이션 숙소,17,1
618,여수 조용한 워케이션 숙소,18,2
619,여수 조용한 워케이션 숙소,19,0
620,여수 조용한 워케이션 숙소,20,2
621,여수 조용한 워케이션 숙소,21,2
622,여수 조용한 워케이션 숙소,22,3
623,여수 조용한 워케이션 숙소,23,1
624,여수 조용한 워케이션 숙소,24,3
625,여수 조용한 워케이션 숙소,25,1
626,여수 조용한 워케이션 숙소,26,2
627,여수 조용한 워케이션 숙소,27,0
628,여수 조용한 워케이션 숙소,28,2
629,여수 조용한 워케이션 숙소,29,1
630,여수 조용한 워케이션 숙소,30,2
631,여수 조용한 워케이션 숙소,31,0
632,여수 조용한 워케이션 숙소,32,2
633,여수 조용한 워케이션 숙소,33,1
634,여수 조용한 워케이션 숙소,34,2
635,여수 조용한 워케이션 숙소,35,0
636,여수 조용한 워케이션 숙소,36,2
637,여수 조용한 워케이션 숙소,37,1
638,여수 조용한 워케이션 숙소,38,2
639,여수 조용한 워케이션 숙소,39,0
640,여수 조용한 워케이션 숙소,40,2
641,여수 저렴하고 와이파이 좋은 숙소,1,1
642,여수 저렴하고 와이파이 좋은 숙소,2,2
643,여수 저렴하고 와이파이 좋은 숙소,3,0
644,여수 저렴하고 와이파이 좋은 숙소,4,2
645,여수 저렴하고 와이파이 좋은 숙소,5,1
646,여수 저렴하고 와이파이 좋은 숙소,6,1
647,여수 저렴하고 와이파이 좋은 숙소,7,1
648,여수 저렴하고 와이파이 좋은 숙소,8,2
649,여수 저렴하고 와이파이 좋은 숙소,9,0
650,여수 저렴하고 와이파이 좋은 숙소,10,2
651,여수 저렴하고 와이파이 좋은 숙소,11,1
652,여수 저렴하고 와이파이 좋은 숙소,12,1
653,여수 저렴하고 와이파이 좋은 숙소,13,1
654,여수 저렴하고 와이파이 좋은 숙소,14,2
655,여수 저렴하고 와이파이 좋은 숙소,15,0
656,여수 저렴하고 와이파이 좋은 숙소,16,2
657,여수 저렴하고 와이파이 좋은 숙소,17,1
658,여수 저렴하고 와이파이 좋은 숙소,18,1
659,여수 저렴하고 와이파이 좋은 숙소,19,1
660,여수 저렴하고 와이파이 좋은 숙소,20,2
661,여수 저렴하고 와이파이 좋은 숙소,21,1
662,여수 저렴하고 와이파이 좋은 숙소,22,3
663,여수 저렴하고 와이파이 좋은 숙소,23,2
664,여수 저렴하고 와이파이 좋은 숙소,24,2
665,여수 저렴하고 와이파이 좋은 숙소,25,1
666,여수 저렴하고 와이파이 좋은 숙소,26,2
667,여수 저렴하고 와이파이 좋은 숙소,27,0
668,여수 저렴하고 와이파이 좋은 숙소,28,2
669,여수 저렴하고 와이파이 좋은 숙소,29,1
670,여수 저렴하고 와이파이 좋은 숙소,30,1
671,여수 저렴하고 와이파이 좋은 숙소,31,1
672,여수 저렴하고 와이파이 좋은 숙소,32,2
673,여수 저렴하고 와이파이 좋은 숙소,33,0
674,여수 저렴하고 와이파이 좋은 숙소,34,2
675,여수 저렴하고 와이파이 좋은 숙소,35,1
676,여수 저렴하고 와이파이 좋은 숙소,36,1
677,여수 저렴하고 와이파이 좋은 숙소,37,1
678,여수 저렴하고 와이파이 좋은 숙소,38,2
679,여수 저렴하고 와이파이 좋은 숙소,39,0
680,여수 저렴하고 와이파이 좋은 숙소,40,2
681,여수 안전하고 평점 높은 장기체류 숙소,1,2
682,여수 안전하고 평점 높은 장기체류 숙소,2,1
683,여수 안전하고 평점 높은 장기체류 숙소,3,0
684,여수 안전하고 평점 높은 장기체류 숙소,4,1
685,여수 안전하고 평점 높은 장기체류 숙소,5,2
686,여수 안전하고 평점 높은 장기체류 숙소,6,1
687,여수 안전하고 평점 높은 장기체류 숙소,7,1
688,여수 안전하고 평점 높은 장기체류 숙소,8,1
689,여수 안전하고 평점 높은 장기체류 숙소,9,1
690,여수 안전하고 평점 높은 장기체류 숙소,10,1
691,여수 안전하고 평점 높은 장기체류 숙소,11,1
692,여수 안전하고 평점 높은 장기체류 숙소,12,2
693,여수 안전하고 평점 높은 장기체류 숙소,13,1
694,여수 안전하고 평점 높은 장기체류 숙소,14,0
695,여수 안전하고 평점 높은 장기체류 숙소,15,1
696,여수 안전하고 평점 높은 장기체류 숙소,16,2
697,여수 안전하고 평점 높은 장기체류 숙소,17,2
698,여수 안전하고 평점 높은 장기체류 숙소,18,0
699,여수 안전하고 평점 높은 장기체류 숙소,19,0
700,여수 안전하고 평점 높은 장기체류 숙소,20,2
701,여수 안전하고 평점 높은 장기체류 숙소,21,3
702,여수 안전하고 평점 높은 장기체류 숙소,22,2
703,여수 안전하고 평점 높은 장기체류 숙소,23,1
704,여수 안전하고 평점 높은 장기체류 숙소,24,2
705,여수 안전하고 평점 높은 장기체류 숙소,25,2
706,여수 안전하고 평점 높은 장기체류 숙소,26,1
707,여수 안전하고 평점 높은 장기체류 숙소,27,1
708,여수 안전하고 평점 높은 장기체류 숙소,28,1
709,여수 안전하고 평점 높은 장기체류 숙소,29,1
710,여수 안전하고 평점 높은 장기체류 숙소,30,1
711,여수 안전하고 평점 높은 장기체류 숙소,31,1
712,여수 안전하고 평점 높은 장기체류 숙소,32,2
713,여수 안전하고 평점 높은 장기체류 숙소,33,1
714,여수 안전하고 평점 높은 장기체류 숙소,34,0
715,여수 안전하고 평점 높은 장기체류 숙소,35,1
716,여수 안전하고 평점 높은 장기체류 숙소,36,2
717,여수 안전하고 평점 높은 장기체류 숙소,37,2
718,여수 안전하고 평점 높은 장기체류 숙소,38,0
719,여수 안전하고 평점 높은 장기체류 숙소,39,0
720,여수 안전하고 평점 높은 장기체류 숙소,40,2
721,경주 조용한 워케이션 숙소,1,1
722,경주 조용한 워케이션 숙소,2,2
723,경주 조용한 워케이션 숙소,3,0
724,경주 조용한 워케이션 숙소,4,2
725,경주 조용한 워케이션 숙소,5,1
726,경주 조용한 워케이션 숙소,6,2
727,경주 조용한 워케이션 숙소,7,0
728,경주 조용한 워케이션 숙소,8,2
729,경주 조용한 워케이션 숙소,9,1
730,경주 조용한 워케이션 숙소,10,2
731,경주 조용한 워케이션 숙소,11,0
732,경주 조용한 워케이션 숙소,12,2
733,경주 조용한 워케이션 숙소,13,1
734,경주 조용한 워케이션 숙소,14,2
735,경주 조용한 워케이션 숙소,15,0
736,경주 조용한 워케이션 숙소,16,2
737,경주 조용한 워케이션 숙소,17,1
738,경주 조용한 워케이션 숙소,18,2
739,경주 조용한 워케이션 숙소,19,0
740,경주 조용한 워케이션 숙소,20,2
741,경주 조용한 워케이션 숙소,21,1
742,경주 조용한 워케이션 숙소,22,2
743,경주 조용한 워케이션 숙소,23,0
744,경주 조용한 워케이션 숙소,24,2
745,경주 조용한 워케이션 숙소,25,2
746,경주 조용한 워케이션 숙소,26,3
747,경주 조용한 워케이션 숙소,27,1
748,경주 조용한 워케이션 숙소,28,3
749,경주 조용한 워케이션 숙소,29,1
750,경주 조용한 워케이션 숙소,30,2
751,경주 조용한 워케이션 숙소,31,0
752,경주 조용한 워케이션 숙소,32,2
753,경주 조용한 워케이션 숙소,33,1
754,경주 조용한 워케이션 숙소,34,2
755,경주 조용한 워케이션 숙소,35,0
756,경주 조용한 워케이션 숙소,36,2
757,경주 조용한 워케이션 숙소,37,1
758,경주 조용한 워케이션 숙소,38,2
759,경주 조용한 워케이션 숙소,39,0
760,경주 조용한 워케이션 숙소,40,2
761,경주 저렴하고 와이파이 좋은 숙소,1,1
762,경주 저렴하고 와이파이 좋은 숙소,2,2
763,경주 저렴하고 와이파이 좋은 숙소,3,0
764,경주 저렴하고 와이파이 좋은 숙소,4,2
765,경주 저렴하고 와이파이 좋은 숙소,5,1
766,경주 저렴하고 와이파이 좋은 숙소,6,1
767,경주 저렴하고 와이파이 좋은 숙소,7,1
768,경주 저렴하고 와이파이 좋은 숙소,8,2
769,경주 저렴하고 와이파이 좋은 숙소,9,0
770,경주 저렴하고 와이파이 좋은 숙소,10,2
771,경주 저렴하고 와이파이 좋은 숙소,11,1
772,경주 저렴하고 와이파이 좋은 숙소,12,1
773,경주 저렴하고 와이파이 좋은 숙소,13,1
774,경주 저렴하고 와이파이 좋은 숙소,14,2
775,경주 저렴하고 와이파이 좋은 숙소,15,0
776,경주 저렴하고 와이파이 좋은 숙소,16,2
777,경주 저렴하고 와이파이 좋은 숙소,17,1
778,경주 저렴하고 와이파이 좋은 숙소,18,1
779,경주 저렴하고 와이파이 좋은 숙소,19,1
780,경주 저렴하고 와이파이 좋은 숙소,20,2
781,경주 저렴하고 와이파이 좋은 숙소,21,0
782,경주 저렴하고 와이파이 좋은 숙소,22,2
783,경주 저렴하고 와이파이 좋은 숙소,23,1
784,경주 저렴하고 와이파이 좋은 숙소,24,1
785,경주 저렴하고 와이파이 좋은 숙소,25,2
786,경주 저렴하고 와이파이 좋은 숙소,26,3
787,경주 저렴하고 와이파이 좋은 숙소,27,1
788,경주 저렴하고 와이파이 좋은 숙소,28,3
789,경주 저렴하고 와이파이 좋은 숙소,29,1
790,경주 저렴하고 와이파이 좋은 숙소,30,1
791,경주 저렴하고 와이파이 좋은 숙소,31,1
792,경주 저렴하고 와이파이 좋은 숙소,32,2
793,경주 저렴하고 와이파이 좋은 숙소,33,0
794,경주 저렴하고 와이파이 좋은 숙소,34,2
795,경주 저렴하고 와이파이 좋은 숙소,35,1
796,경주 저렴하고 와이파이 좋은 숙소,36,1
797,경주 저렴하고 와이파이 좋은 숙소,37,1
798,경주 저렴하고 와이파이 좋은 숙소,38,2
799,경주 저렴하고 와이파이 좋은 숙소,39,0
800,경주 저렴하고 와이파이 좋은 숙소,40,2
801,경주 안전하고 평점 높은 장기체류 숙소,1,2
802,경주 안전하고 평점 높은 장기체류 숙소,2,1
803,경주 안전하고 평점 높은 장기체류 숙소,3,0
804,경주 안전하고 평점 높은 장기체류 숙소,4,1
805,경주 안전하고 평점 높은 장기체류 숙소,5,2
806,경주 안전하고 평점 높은 장기체류 숙소,6,1
807,경주 안전하고 평점 높은 장기체류 숙소,7,1
808,경주 안전하고 평점 높은 장기체류 숙소,8,1
809,경주 안전하고 평점 높은 장기체류 숙소,9,1
810,경주 안전하고 평점 높은 장기체류 숙소,10,1
811,경주 안전하고 평점 높은 장기체류 숙소,11,1
812,경주 안전하고 평점 높은 장기체류 숙소,12,2
813,경주 안전하고 평점 높은 장기체류 숙소,13,1
814,경주 안전하고 평점 높은 장기체류 숙소,14,0
815,경주 안전하고 평점 높은 장기체류 숙소,15,1
816,경주 안전하고 평점 높은 장기체류 숙소,16,2
817,경주 안전하고 평점 높은 장기체류 숙소,17,2
818,경주 안전하고 평점 높은 장기체류 숙소,18,0
819,경주 안전하고 평점 높은 장기체류 숙소,19,0
820,경주 안전하고 평점 높은 장기체류 숙소,20,2
821,경주 안전하고 평점 높은 장기체류 숙소,21,2
822,경주 안전하고 평점 높은 장기체류 숙소,22,1
823,경주 안전하고 평점 높은 장기체류 숙소,23,0
824,경주 안전하고 평점 높은 장기체류 숙소,24,1
825,경주 안전하고 평점 높은 장기체류 숙소,25,3
826,경주 안전하고 평점 높은 장기체류 숙소,26,2
827,경주 안전하고 평점 높은 장기체류 숙소,27,2
828,경주 안전하고 평점 높은 장기체류 숙소,28,2
829,경주 안전하고 평점 높은 장기체류 숙소,29,1
830,경주 안전하고 평점 높은 장기체류 숙소,30,1
831,경주 안전하고 평점 높은 장기체류 숙소,31,1
832,경주 안전하고 평점 높은 장기체류 숙소,32,2
833,경주 안전하고 평점 높은 장기체류 숙소,33,1
834,경주 안전하고 평점 높은 장기체류 숙소,34,0
835,경주 안전하고 평점 높은 장기체류 숙소,35,1
836,경주 안전하고 평점 높은 장기체류 숙소,36,2
837,경주 안전하고 평점 높은 장기체류 숙소,37,2
838,경주 안전하고 평점 높은 장기체류 숙소,38,0
839,경주 안전하고 평점 높은 장기체류 숙소,39,0
840,경주 안전하고 평점 높은 장기체류 숙소,40,2
841,속초 조용한 워케이션 숙소,1,1
842,속초 조용한 워케이션 숙소,2,2
843,속초 조용한 워케이션 숙소,3,0
844,속초 조용한 워케이션 숙소,4,2
845,속초 조용한 워케이션 숙소,5,1
846,속초 조용한 워케이션 숙소,6,2
847,속초 조용한 워케이션 숙소,7,0
848,속초 조용한 워케이션 숙소,8,2
849,속초 조용한 워케이션 숙소,9,1
850,속초 조용한 워케이션 숙소,10,2
851,속초 조용한 워케이션 숙소,11,0
852,속초 조용한 워케이션 숙소,12,2
853,속초 조용한 워케이션 숙소,13,1
854,속초 조용한 워케이션 숙소,14,2
855,속초 조용한 워케이션 숙소,15,0
856,속초 조용한 워케이션 숙소,16,2
857,속초 조용한 워케이션 숙소,17,1
858,속초 조용한 워케이션 숙소,18,2
859,속초 조용한 워케이션 숙소,19,0
860,속초 조용한 워케이션 숙소,20,2
861,속초 조용한 워케이션 숙소,21,1
862,속초 조용한 워케이션 숙소,22,2
863,속초 조용한 워케이션 숙소,23,0
864,속초 조용한 워케이션 숙소,24,2
865,속초 조용한 워케이션 숙소,25,1
866,속초 조용한 워케이션 숙소,26,2
867,속초 조용한 워케이션 숙소,27,0
868,속초 조용한 워케이션 숙소,28,2
869,속초 조용한 워케이션 숙소,29,2
870,속초 조용한 워케이션 숙소,30,3
871,속초 조용한 워케이션 숙소,31,1
872,속초 조용한 워케이션 숙소,32,3
873,속초 조용한 워케이션 숙소,33,1
874,속초 조용한 워케이션 숙소,34,2
875,속초 조용한 워케이션 숙소,35,0
876,속초 조용한 워케이션 숙소,36,2
877,속초 조용한 워케이션 숙소,37,1
878,속초 조용한 워케이션 숙소,38,2
879,속초 조용한 워케이션 숙소,39,0
880,속초 조용한 워케이션 숙소,40,2
881,속초 저렴하고 와이파이 좋은 숙소,1,1
882,속초 저렴하고 와이파이 좋은 숙소,2,2
883,속초 저렴하고 와이파이 좋은 숙소,3,0
884,속초 저렴하고 와이파이 좋은 숙소,4,2
885,속초 저렴하고 와이파이 좋은 숙소,5,1
886,속초 저렴하고 와이파이 좋은 숙소,6,1
887,속초 저렴하고 와이파이 좋은 숙소,7,1
888,속초 저렴하고 와이파이 좋은 숙소,8,2
889,속초 저렴하고 와이파이 좋은 숙소,9,0
890,속초 저렴하고 와이파이 좋은 숙소,10,2
891,속초 저렴하고 와이파이 좋은 숙소,11,1
892,속초 저렴하고 와이파이 좋은 숙소,12,1
893,속초 저렴하고 와이파이 좋은 숙소,13,1
894,속초 저렴하고 와이파이 좋은 숙소,14,2
895,속초 저렴하고 와이파이 좋은 숙소,15,0
896,속초 저렴하고 와이파이 좋은 숙소,16,2
897,속초 저렴하고 와이파이 좋은 숙소,17,1
898,속초 저렴하고 와이파이 좋은 숙소,18,1
899,속초 저렴하고 와이파이 좋은 숙소,19,1
900,속초 저렴하고 와이파이 좋은 숙소,20,2
901,속초 저렴하고 와이파이 좋은 숙소,21,0
902,속초 저렴하고 와이파이 좋은 숙소,22,2
903,속초 저렴하고 와이파이 좋은 숙소,23,1
904,속초 저렴하고 와이파이 좋은 숙소,24,1
905,속초 저렴하고 와이파이 좋은 숙소,25,1
906,속초 저렴하고 와이파이 좋은 숙소,26,2
907,속초 저렴하고 와이파이 좋은 숙소,27,0
908,속초 저렴하고 와이파이 좋은 숙소,28,2
909,속초 저렴하고 와이파이 좋은 숙소,29,2
910,속초 저렴하고 와이파이 좋은 숙소,30,2
911,속초 저렴하고 와이파이 좋은 숙소,31,2
912,속초 저렴하고 와이파이 좋은 숙소,32,3
913,속초 저렴하고 와이파이 좋은 숙소,33,0
914,속초 저렴하고 와이파이 좋은 숙소,34,2
915,속초 저렴하고 와이파이 좋은 숙소,35,1
916,속초 저렴하고 와이파이 좋은 숙소,36,1
917,속초 저렴하고 와이파이 좋은 숙소,37,1
918,속초 저렴하고 와이파이 좋은 숙소,38,2
919,속초 저렴하고 와이파이 좋은 숙소,39,0
920,속초 저렴하고 와이파이 좋은 숙소,40,2
921,속초 안전하고 평점 높은 장기체류 숙소,1,2
922,속초 안전하고 평점 높은 장기체류 숙소,2,1
923,속초 안전하고 평점 높은 장기체류 숙소,3,0
924,속초 안전하고 평점 높은 장기체류 숙소,4,1
925,속초 안전하고 평점 높은 장기체류 숙소,5,2
926,속초 안전하고 평점 높은 장기체류 숙소,6,1
927,속초 안전하고 평점 높은 장기체류 숙소,7,1
928,속초 안전하고 평점 높은 장기체류 숙소,8,1
929,속초 안전하고 평점 높은 장기체류 숙소,9,1
930,속초 안전하고 평점 높은 장기체류 숙소,10,1
931,속초 안전하고 평점 높은 장기체류 숙소,11,1
932,속초 안전하고 평점 높은 장기체류 숙소,12,2
933,속초 안전하고 평점 높은 장기체류 숙소,13,1
934,속초 안전하고 평점 높은 장기체류 숙소,14,0
935,속초 안전하고 평점 높은 장기체류 숙소,15,1
936,속초 안전하고 평점 높은 장기체류 숙소,16,2
937,속초 안전하고 평점 높은 장기체류 숙소,17,2
938,속초 안전하고 평점 높은 장기체류 숙소,18,0
939,속초 안전하고 평점 높은 장기체류 숙소,19,0
940,속초 안전하고 평점 높은 장기체류 숙소,20,2
941,속초 안전하고 평점 높은 장기체류 숙소,21,2
942,속초 안전하고 평점 높은 장기체류 숙소,22,1
943,속초 안전하고 평점 높은 장기체류 숙소,23,0
944,속초 안전하고 평점 높은 장기체류 숙소,24,1
945,속초 안전하고 평점 높은 장기체류 숙소,25,2
946,속초 안전하고 평점 높은 장기체류 숙소,26,1
947,속초 안전하고 평점 높은 장기체류 숙소,27,1
948,속초 안전하고 평점 높은 장기체류 숙소,28,1
949,속초 안전하고 평점 높은 장기체류 숙소,29,2
950,속초 안전하고 평점 높은 장기체류 숙소,30,2
951,속초 안전하고 평점 높은 장기체류 숙소,31,2
952,속초 안전하고 평점 높은 장기체류 숙소,32,3
953,속초 안전하고 평점 높은 장기체류 숙소,33,1
954,속초 안전하고 평점 높은 장기체류 숙소,34,0
955,속초 안전하고 평점 높은 장기체류 숙소,35,1
956,속초 안전하고 평점 높은 장기체류 숙소,36,2
957,속초 안전하고 평점 높은 장기체류 숙소,37,2
958,속초 안전하고 평점 높은 장기체류 숙소,38,0
959,속초 안전하고 평점 높은 장기체류 숙소,39,0
960,속초 안전하고 평점 높은 장기체류 숙소,40,2
961,포항 조용한 워케이션 숙소,1,1
962,포항 조용한 워케이션 숙소,2,2
963,포항 조용한 워케이션 숙소,3,0
964,포항 조용한 워케이션 숙소,4,2
965,포항 조용한 워케이션 숙소,5,1
966,포항 조용한 워케이션 숙소,6,2
967,포항 조용한 워케이션 숙소,7,0
968,포항 조용한 워케이션 숙소,8,2
969,포항 조용한 워케이션 숙소,9,1
970,포항 조용한 워케이션 숙소,10,2
971,포항 조용한 워케이션 숙소,11,0
972,포항 조용한 워케이션 숙소,12,2
973,포항 조용한 워케이션 숙소,13,1
974,포항 조용한 워케이션 숙소,14,2
975,포항 조용한 워케이션 숙소,15,0
976,포항 조용한 워케이션 숙소,16,2
977,포항 조용한 워케이션 숙소,17,1
978,포항 조용한 워케이션 숙소,18,2
979,포항 조용한 워케이션 숙소,19,0
980,포항 조용한 워케이션 숙소,20,2
981,포항 조용한 워케이션 숙소,21,1
982,포항 조용한 워케이션 숙소,22,2
983,포항 조용한 워케이션 숙소,23,0
984,포항 조용한 워케이션 숙소,24,2
985,포항 조용한 워케이션 숙소,25,1
986,포항 조용한 워케이션 숙소,26,2
987,포항 조용한 워케이션 숙소,27,0
988,포항 조용한 워케이션 숙소,28,2
989,포항 조용한 워케이션 숙소,29,1
990,포항 조용한 워케이션 숙소,30,2
991,포항 조용한 워케이션 숙소,31,0
992,포항 조용한 워케이션 숙소,32,2
993,포항 조용한 워케이션 숙소,33,2
994,포항 조용한 워케이션 숙소,34,3
995,포항 조용한 워케이션 숙소,35,1
996,포항 조용한 워케이션 숙소,36,3
997,포항 조용한 워케이션 숙소,37,1
998,포항 조용한 워케이션 숙소,38,2
999,포항 조용한 워케이션 숙소,39,0
1000,포항 조용한 워케이션 숙소,40,2
1001,포항 저렴하고 와이파이 좋은 숙소,1,1
1002,포항 저렴하고 와이파이 좋은 숙소,2,2
1003,포항 저렴하고 와이파이 좋은 숙소,3,0
1004,포항 저렴하고 와이파이 좋은 숙소,4,2
1005,포항 저렴하고 와이파이 좋은 숙소,5,1
1006,포항 저렴하고 와이파이 좋은 숙소,6,1
1007,포항 저렴하고 와이파이 좋은 숙소,7,1
1008,포항 저렴하고 와이파이 좋은 숙소,8,2
1009,포항 저렴하고 와이파이 좋은 숙소,9,0
1010,포항 저렴하고 와이파이 좋은 숙소,10,2
1011,포항 저렴하고 와이파이 좋은 숙소,11,1
1012,포항 저렴하고 와이파이 좋은 숙소,12,1
1013,포항 저렴하고 와이파이 좋은 숙소,13,1
1014,포항 저렴하고 와이파이 좋은 숙소,14,2
1015,포항 저렴하고 와이파이 좋은 숙소,15,0
1016,포항 저렴하고 와이파이 좋은 숙소,16,2
1017,포항 저렴하고 와이파이 좋은 숙소,17,1
1018,포항 저렴하고 와이파이 좋은 숙소,18,1
1019,포항 저렴하고 와이파이 좋은 숙소,19,1
1020,포항 저렴하고 와이파이 좋은 숙소,20,2
1021,포항 저렴하고 와이파이 좋은 숙소,21,0
1022,포항 저렴하고 와이파이 좋은 숙소,22,2
1023,포항 저렴하고 와이파이 좋은 숙소,23,1
1024,포항 저렴하고 와이파이 좋은 숙소,24,1
1025,포항 저렴하고 와이파이 좋은 숙소,25,1
1026,포항 저렴하고 와이파이 좋은 숙소,26,2
1027,포항 저렴하고 와이파이 좋은 숙소,27,0
1028,포항 저렴하고 와이파이 좋은 숙소,28,2
1029,포항 저렴하고 와이파이 좋은 숙소,29,1
1030,포항 저렴하고 와이파이 좋은 숙소,30,1
1031,포항 저렴하고 와이파이 좋은 숙소,31,1
1032,포항 저렴하고 와이파이 좋은 숙소,32,2
1033,포항 저렴하고 와이파이 좋은 숙소,33,1
1034,포항 저렴하고 와이파이 좋은 숙소,34,3
1035,포항 저렴하고 와이파이 좋은 숙소,35,2
1036,포항 저렴하고 와이파이 좋은 숙소,36,2
1037,포항 저렴하고 와이파이 좋은 숙소,37,1
1038,포항 저렴하고 와이파이 좋은 숙소,38,2
1039,포항 저렴하고 와이파이 좋은 숙소,39,0
1040,포항 저렴하고 와이파이 좋은 숙소,40,2
1041,포항 안전하고 평점 높은 장기체류 숙소,1,2
1042,포항 안전하고 평점 높은 장기체류 숙소,2,1
1043,포항 안전하고 평점 높은 장기체류 숙소,3,0
1044,포항 안전하고 평점 높은 장기체류 숙소,4,1
1045,포항 안전하고 평점 높은 장기체류 숙소,5,2
1046,포항 안전하고 평점 높은 장기체류 숙소,6,1
1047,포항 안전하고 평점 높은 장기체류 숙소,7,1
1048,포항 안전하고 평점 높은 장기체류 숙소,8,1
1049,포항 안전하고 평점 높은 장기체류 숙소,9,1
1050,포항 안전하고 평점 높은 장기체류 숙소,10,1
1051,포항 안전하고 평점 높은 장기체류 숙소,11,1
1052,포항 안전하고 평점 높은 장기체류 숙소,12,2
1053,포항 안전하고 평점 높은 장기체류 숙소,13,1
1054,포항 안전하고 평점 높은 장기체류 숙소,14,0
1055,포항 안전하고 평점 높은 장기체류 숙소,15,1
1056,포항 안전하고 평점 높은 장기체류 숙소,16,2
1057,포항 안전하고 평점 높은 장기체류 숙소,17,2
1058,포항 안전하고 평점 높은 장기체류 숙소,18,0
1059,포항 안전하고 평점 높은 장기체류 숙소,19,0
1060,포항 안전하고 평점 높은 장기체류 숙소,20,2
1061,포항 안전하고 평점 높은 장기체류 숙소,21,2
1062,포항 안전하고 평점 높은 장기체류 숙소,22,1
1063,포항 안전하고 평점 높은 장기체류 숙소,23,0
1064,포항 안전하고 평점 높은 장기체류 숙소,24,1
1065,포항 안전하고 평점 높은 장기체류 숙소,25,2
1066,포항 안전하고 평점 높은 장기체류 숙소,26,1
1067,포항 안전하고 평점 높은 장기체류 숙소,27,1
1068,포항 안전하고 평점 높은 장기체류 숙소,28,1
1069,포항 안전하고 평점 높은 장기체류 숙소,29,1
1070,포항 안전하고 평점 높은 장기체류 숙소,30,1
1071,포항 안전하고 평점 높은 장기체류 숙소,31,1
1072,포항 안전하고 평점 높은 장기체류 숙소,32,2
1073,포항 안전하고 평점 높은 장기체류 숙소,33,2
1074,포항 안전하고 평점 높은 장기체류 숙소,34,1
1075,포항 안전하고 평점 높은 장기체류 숙소,35,2
1076,포항 안전하고 평점 높은 장기체류 숙소,36,3
1077,포항 안전하고 평점 높은 장기체류 숙소,37,2
1078,포항 안전하고 평점 높은 장기체류 숙소,38,0
1079,포항 안전하고 평점 높은 장기체류 숙소,39,0
1080,포항 안전하고 평점 높은 장기체류 숙소,40,2
1081,통영 조용한 워케이션 숙소,1,1
1082,통영 조용한 워케이션 숙소,2,2
1083,통영 조용한 워케이션 숙소,3,0
1084,통영 조용한 워케이션 숙소,4,2
1085,통영 조용한 워케이션 숙소,5,1
1086,통영 조용한 워케이션 숙소,6,2
1087,통영 조용한 워케이션 숙소,7,0
1088,통영 조용한 워케이션 숙소,8,2
1089,통영 조용한 워케이션 숙소,9,1
1090,통영 조용한 워케이션 숙소,10,2
1091,통영 조용한 워케이션 숙소,11,0
1092,통영 조용한 워케이션 숙소,12,2
1093,통영 조용한 워케이션 숙소,13,1
1094,통영 조용한 워케이션 숙소,14,2
1095,통영 조용한 워케이션 숙소,15,0
1096,통영 조용한 워케이션 숙소,16,2
1097,통영 조용한 워케이션 숙소,17,1
1098,통영 조용한 워케이션 숙소,18,2
1099,통영 조용한 워케이션 숙소,19,0
1100,통영 조용한 워케이션 숙소,20,2
1101,통영 조용한 워케이션 숙소,21,1
1102,통영 조용한 워케이션 숙소,22,2
1103,통영 조용한 워케이션 숙소,23,0
1104,통영 조용한 워케이션 숙소,24,2
1105,통영 조용한 워케이션 숙소,25,1
1106,통영 조용한 워케이션 숙소,26,2
1107,통영 조용한 워케이션 숙소,27,0
1108,통영 조용한 워케이션 숙소,28,2
1109,통영 조용한 워케이션 숙소,29,1
1110,통영 조용한 워케이션 숙소,30,2
1111,통영 조용한 워케이션 숙소,31,0
1112,통영 조용한 워케이션 숙소,32,2
1113,통영 조용한 워케이션 숙소,33,1
1114,통영 조용한 워케이션 숙소,34,2
1115,통영 조용한 워케이션 숙소,35,0
1116,통영 조용한 워케이션 숙소,36,2
1117,통영 조용한 워케이션 숙소,37,2
1118,통영 조용한 워케이션 숙소,38,3
1119,통영 조용한 워케이션 숙소,39,1
1120,통영 조용한 워케이션 숙소,40,3
1121,통영 저렴하고 와이파이 좋은 숙소,1,1
1122,통영 저렴하고 와이파이 좋은 숙소,2,2
1123,통영 저렴하고 와이파이 좋은 숙소,3,0
1124,통영 저렴하고 와이파이 좋은 숙소,4,2
1125,통영 저렴하고 와이파이 좋은 숙소,5,1
1126,통영 저렴하고 와이파이 좋은 숙소,6,1
1127,통영 저렴하고 와이파이 좋은 숙소,7,1
1128,통영 저렴하고 와이파이 좋은 숙소,8,2
1129,통영 저렴하고 와이파이 좋은 숙소,9,0
1130,통영 저렴하고 와이파이 좋은 숙소,10,2
1131,통영 저렴하고 와이파이 좋은 숙소,11,1
1132,통영 저렴하고 와이파이 좋은 숙소,12,1
1133,통영 저렴하고 와이파이 좋은 숙소,13,1
1134,통영 저렴하고 와이파이 좋은 숙소,14,2
1135,통영 저렴하고 와이파이 좋은 숙소,15,0
1136,통영 저렴하고 와이파이 좋은 숙소,16,2
1137,통영 저렴하고 와이파이 좋은 숙소,17,1
1138,통영 저렴하고 와이파이 좋은 숙소,18,1
1139,통영 저렴하고 와이파이 좋은 숙소,19,1
1140,통영 저렴하고 와이파이 좋은 숙소,20,2
1141,통영 저렴하고 와이파이 좋은 숙소,21,0
1142,통영 저렴하고 와이파이 좋은 숙소,22,2
1143,통영 저렴하고 와이파이 좋은 숙소,23,1
1144,통영 저렴하고 와이파이 좋은 숙소,24,1
1145,통영 저렴하고 와이파이 좋은 숙소,25,1
1146,통영 저렴하고 와이파이 좋은 숙소,26,2
1147,통영 저렴하고 와이파이 좋은 숙소,27,0
1148,통영 저렴하고 와이파이 좋은 숙소,28,2
1149,통영 저렴하고 와이파이 좋은 숙소,29,1
1150,통영 저렴하고 와이파이 좋은 숙소,30,1
1151,통영 저렴하고 와이파이 좋은 숙소,31,1
1152,통영 저렴하고 와이파이 좋은 숙소,32,2
1153,통영 저렴하고 와이파이 좋은 숙소,33,0
1154,통영 저렴하고 와이파이 좋은 숙소,34,2
1155,통영 저렴하고 와이파이 좋은 숙소,35,1
1156,통영 저렴하고 와이파이 좋은 숙소,36,1
1157,통영 저렴하고 와이파이 좋은 숙소,37,2
1158,통영 저렴하고 와이파이 좋은 숙소,38,3
1159,통영 저렴하고 와이파이 좋은 숙소,39,1
1160,통영 저렴하고 와이파이 좋은 숙소,40,3
1161,통영 안전하고 평점 높은 장기체류 숙소,1,2
1162,통영 안전하고 평점 높은 장기체류 숙소,2,1
1163,통영 안전하고 평점 높은 장기체류 숙소,3,0
1164,통영 안전하고 평점 높은 장기체류 숙소,4,1
1165,통영 안전하고 평점 높은 장기체류 숙소,5,2
1166,통영 안전하고 평점 높은 장기체류 숙소,6,1
1167,통영 안전하고 평점 높은 장기체류 숙소,7,1
1168,통영 안전하고 평점 높은 장기체류 숙소,8,1
1169,통영 안전하고 평점 높은 장기체류 숙소,9,1
1170,통영 안전하고 평점 높은 장기체류 숙소,10,1
1171,통영 안전하고 평점 높은 장기체류 숙소,11,1
1172,통영 안전하고 평점 높은 장기체류 숙소,12,2
1173,통영 안전하고 평점 높은 장기체류 숙소,13,1
1174,통영 안전하고 평점 높은 장기체류 숙소,14,0
1175,통영 안전하고 평점 높은 장기체류 숙소,15,1
1176,통영 안전하고 평점 높은 장기체류 숙소,16,2
1177,통영 안전하고 평점 높은 장기체류 숙소,17,2
1178,통영 안전하고 평점 높은 장기체류 숙소,18,0
1179,통영 안전하고 평점 높은 장기체류 숙소,19,0
1180,통영 안전하고 평점 높은 장기체류 숙소,20,2
1181,통영 안전하고 평점 높은 장기체류 숙소,21,2
1182,통영 안전하고 평점 높은 장기체류 숙소,22,1
1183,통영 안전하고 평점 높은 장기체류 숙소,23,0
1184,통영 안전하고 평점 높은 장기체류 숙소,24,1
1185,통영 안전하고 평점 높은 장기체류 숙소,25,2
1186,통영 안전하고 평점 높은 장기체류 숙소,26,1
1187,통영 안전하고 평점 높은 장기체류 숙소,27,1
1188,통영 안전하고 평점 높은 장기체류 숙소,28,1
1189,통영 안전하고 평점 높은 장기체류 숙소,29,1
1190,통영 안전하고 평점 높은 장기체류 숙소,30,1
1191,통영 안전하고 평점 높은 장기체류 숙소,31,1
1192,통영 안전하고 평점 높은 장기체류 숙소,32,2
1193,통영 안전하고 평점 높은 장기체류 숙소,33,1
1194,통영 안전하고 평점 높은 장기체류 숙소,34,0
1195,통영 안전하고 평점 높은 장기체류 숙소,35,1
1196,통영 안전하고 평점 높은 장기체류 숙소,36,2
1197,통영 안전하고 평점 높은 장기체류 숙소,37,3
1198,통영 안전하고 평점 높은 장기체류 숙소,38,1
1199,통영 안전하고 평점 높은 장기체류 숙소,39,1
1200,통영 안전하고 평점 높은 장기체류 숙소,40,3
